,pick_order,hero_code,attack_damage,receive_damage,recovery,mvp_point,equip,first_pick,mvp,ban
0,1,c2089,450,25832.08,0,70313,['set_speed'],0,0,0
1,2,c2109,37430,29267.89,8761,146398,"['set_counter', 'set_max_hp']",0,0,0
2,3,c4004,0,87955.13,16652,214686,"['set_def', 'set_max_hp', 'set_max_hp']",0,1,0
3,4,c5089,38271,0.0,0,153242,"['set_speed', 'set_torrent']",0,0,0
4,5,c1121,0,0.0,0,0,[],0,0,1
5,1,c2070,22865,115975.34,11651,272694,"['set_speed', 'set_max_hp']",1,1,0
6,2,c1126,4318,41416.14,0,267921,"['set_speed', 'set_acc']",0,0,0
7,3,c6037,0,29936.06,12578,164717,"['set_speed', 'set_immune']",0,0,0
8,4,c1151,0,0.0,0,0,[],0,0,1
9,5,c1137,11564,108576.74,11430,198227,"['set_speed', 'set_def']",0,0,0
0,1,c2089,2049,75991.48,0,391783,['set_speed'],1,0,0
1,2,c4004,0,146839.19,28598,341536,"['set_def', 'set_max_hp', 'set_max_hp']",0,0,0
2,3,c2109,80598,62701.78,15585,398806,"['set_counter', 'set_max_hp']",0,1,0
3,4,c4144,18537,30486.6,0,178211,"['set_cri_dmg', 'set_penetrate']",0,0,0
4,5,c1148,0,0.0,0,0,[],0,0,1
5,1,c6037,271,50356.93,21525,500266,"['set_immune', 'set_speed']",0,1,0
6,2,c1159,1119,93121.8,0,129916,"['set_max_hp', 'set_speed']",0,0,0
7,3,c2070,14995,59378.92,27939,280694,"['set_speed', 'set_max_hp']",0,0,0
8,4,c2071,57510,107691.89,12042,195081,"['set_counter', 'set_penetrate']",0,0,0
9,5,c2024,0,0.0,0,0,[],0,0,1
0,1,c2089,0,0.0,2359,87743,['set_speed'],1,0,0
1,2,c2109,43322,0.0,0,98821,"['set_counter', 'set_max_hp']",0,0,0
2,3,c2008,0,0.0,0,55499,"['set_immune', 'set_shield']",0,0,0
3,4,c2099,41629,19420.33,0,120818,"['set_speed', 'set_cri']",0,1,0
4,5,c1148,0,0.0,0,0,[],0,0,1
5,1,c1159,1749,86914.86,0,112662,"['set_speed', 'set_max_hp']",0,0,0
6,2,c4004,3382,87852.06,30965,266190,"['set_speed', 'set_max_hp']",0,1,0
7,3,c1154,0,0.0,0,0,[],0,0,1
8,4,c2079,2876,27586.11,862,67322,"['set_vampire', 'set_cri']",0,0,0
9,5,c2071,0,57792.86,0,57792,"['set_vampire', 'set_penetrate']",0,0,0
0,1,c2016,13994,0.0,0,18819,"['set_def', 'set_cri_dmg']",0,0,0
1,2,c5082,0,0.0,0,0,[],0,0,1
2,3,c2008,0,6581.68,3849,26115,"['set_immune', 'set_shield']",0,1,0
3,4,c2111,954,0.0,770,13789,"['set_speed', 'set_acc']",0,0,0
4,5,c1159,0,4012.32,0,4012,"['set_speed', 'set_max_hp']",0,0,0
5,1,c2089,0,5744.49,13107,78345,"['set_speed', 'set_acc']",1,1,0
6,2,c2042,1263,22017.54,0,29542,"['set_acc', 'set_speed']",0,0,0
7,3,c1128,0,22457.42,0,28719,"['set_speed', 'set_immune']",0,0,0
8,4,c1151,1302,12387.7,0,38739,"['set_speed', 'set_acc']",0,0,0
9,5,c2090,0,0.0,0,0,[],0,0,1
0,1,c2089,1001,19667.94,0,106929,['set_speed'],1,0,0
1,2,c2109,13653,0.0,0,32137,"['set_counter', 'set_max_hp']",0,0,0
2,3,c4004,4397,18530.5,33358,167191,"['set_def', 'set_max_hp', 'set_max_hp']",0,1,0
3,4,c2079,59408,4020.8,0,143527,"['set_cri_dmg', 'set_def']",0,0,0
4,5,c1034,0,0.0,0,0,[],0,0,1
5,1,c2101,5153,79616.2,0,232976,"['set_speed', 'set_max_hp']",0,1,0
6,2,c2022,0,55864.47,10425,90991,"['set_res', 'set_def', 'set_immune']",0,0,0
7,3,c4123,0,81520.82,0,81520,"['set_counter', 'set_res']",0,0,0
8,4,c2071,4843,71341.2,0,88534,"['set_counter', 'set_penetrate']",0,0,0
9,5,c1154,0,0.0,0,0,[],0,0,1
0,1,c2089,1514,35967.53,10354,295026,['set_speed'],0,0,0
1,2,c2109,51538,84385.61,15631,353426,"['set_counter', 'set_max_hp']",0,0,0
2,3,c2090,25897,41106.29,0,351272,"['set_speed', 'set_acc']",0,0,0
3,4,c2070,23975,98578.71,23035,401019,"['set_speed', 'set_max_hp']",0,1,0
4,5,c2079,0,0.0,0,0,[],0,0,1
5,1,c1159,831,110440.14,0,206758,"['set_max_hp', 'set_speed']",1,0,0
6,2,c2008,0,111290.79,6580,197443,"['set_immune', 'set_shield']",0,0,0
7,3,c2071,41442,126455.58,16536,248091,"['set_vampire', 'set_penetrate']",0,1,0
8,4,c6037,0,0.0,0,0,[],0,0,1
9,5,c2016,21164,91170.54,4573,180565,"['set_vampire', 'set_def']",0,0,0
0,1,c2016,0,0.0,0,0,[],1,0,1
1,2,c1159,1527,22722.37,0,44693,"['set_speed', 'set_max_hp']",0,1,0
2,3,c5082,460,5606.17,0,9473,"['set_immune', 'set_speed']",0,0,0
3,4,c2070,0,31000.41,0,31000,"['set_speed', 'set_max_hp']",0,0,0
4,5,c1118,0,6830.11,0,6830,['set_speed'],0,0,0
5,1,c2050,0,0.0,0,0,"['set_penetrate', 'set_speed']",0,0,0
6,2,c1126,2866,0.0,0,17944,"['set_speed', 'set_acc']",0,0,0
7,3,c2073,1756,6399.36,0,15114,"['set_speed', 'set_immune']",0,0,0
8,4,c2101,12176,0.0,0,20295,"['set_speed', 'set_cri']",0,1,0
9,5,c2019,0,0.0,0,0,[],0,0,1
0,1,c2089,1834,8118.32,0,121026,['set_speed'],0,0,0
1,2,c2109,40579,38586.59,12219,216343,"['set_counter', 'set_max_hp']",0,1,0
2,3,c1118,29918,19518.2,0,167452,['set_speed'],0,0,0
3,4,c2102,0,0.0,0,0,[],0,0,1
4,5,c2069,0,22779.52,0,64432,['set_cri'],0,0,0
5,1,c1159,2384,81454.98,0,103061,"['set_speed', 'set_max_hp']",1,0,0
6,2,c1151,0,45231.01,0,54842,['set_speed'],0,0,0
7,3,c1147,6923,50693.21,0,67227,"['set_acc', 'set_speed']",0,0,0
8,4,c2016,0,0.0,0,0,[],0,0,1
9,5,c4144,20125,29214.84,4257,188156,"['set_immune', 'set_cri_dmg']",0,1,0
0,1,c4004,0,116866.5,25146,291443,"['set_def', 'set_max_hp', 'set_max_hp']",0,1,0
1,2,c2109,15075,9513.68,3756,157851,"['set_counter', 'set_max_hp']",0,0,0
2,3,c5089,0,0.0,0,0,[],0,0,1
3,4,c6037,0,9002.77,4177,162611,"['set_speed', 'set_immune']",0,0,0
4,5,c2079,42024,23488.58,0,145208,"['set_cri_dmg', 'set_def']",0,0,0
5,1,c1126,0,37871.11,0,198822,['set_speed'],1,0,0
6,2,c2070,24961,3904.9,30693,211043,"['set_speed', 'set_max_hp']",0,0,0
7,3,c1154,0,0.0,0,0,[],0,0,1
8,4,c1121,11123,25071.63,2880,247364,"['set_speed', 'set_immune']",0,1,0
9,5,c2071,7061,84366.83,8760,100187,"['set_penetrate', 'set_cri_dmg']",0,0,0
0,1,c4004,3495,82015.84,26849,207973,"['set_def', 'set_max_hp', 'set_max_hp']",0,1,0
1,2,c2109,0,20868.12,0,41356,"['set_counter', 'set_max_hp']",0,0,0
2,3,c4144,19905,0.0,0,81370,"['set_cri_dmg', 'set_penetrate']",0,0,0
3,4,c2111,17603,0.0,0,140533,"['set_speed', 'set_acc']",0,0,0
4,5,c2099,0,0.0,0,0,[],0,0,1
5,1,c2101,6705,37944.46,0,91657,"['set_speed', 'set_res']",1,0,0
6,2,c2132,1932,18682.76,0,44118,"['set_acc', 'set_speed']",0,0,0
7,3,c6037,0,18454.07,22347,150485,"['set_max_hp', 'set_speed']",0,1,0
8,4,c1134,0,0.0,0,0,[],0,0,1
9,5,c2079,20514,69285.97,0,128973,"['set_cri', 'set_cri_dmg']",0,0,0
0,1,c1117,0,0.0,0,0,[],0,0,1
1,2,c4144,0,10527.99,0,10527,"['set_cri_dmg', 'set_penetrate']",0,0,0
2,3,c4004,1950,14381.92,29250,120307,"['set_def', 'set_max_hp', 'set_max_hp']",0,1,0
3,4,c2089,506,22339.79,0,57334,['set_speed'],0,0,0
4,5,c1109,20933,13612.18,1460,93486,"['set_cri', 'set_speed']",0,0,0
5,1,c1118,4219,1635.46,0,156651,['set_speed'],1,1,0
6,2,c5082,0,25531.6,0,25531,"['set_speed', 'set_def']",0,0,0
7,3,c2070,0,0.0,0,0,[],0,0,1
8,4,c2050,0,20654.61,0,20654,"['set_speed', 'set_penetrate']",0,0,0
9,5,c1137,37765,37530.66,3791,118425,"['set_speed', 'set_def']",0,0,0
0,1,c1159,3615,45550.43,0,49165,"['set_speed', 'set_max_hp']",0,0,0
1,2,c4004,2892,85638.1,13972,238603,"['set_def', 'set_max_hp', 'set_max_hp']",0,0,0
2,3,c1014,0,20572.09,0,20572,"['set_speed', 'set_cri']",0,0,0
3,4,c1118,19872,20546.04,0,244569,['set_speed'],0,1,0
4,5,c1020,0,0.0,0,0,[],0,0,1
5,1,c1126,0,9966.13,0,73961,['set_speed'],1,0,0
6,2,c1099,0,9925.55,0,32781,['set_speed'],0,0,0
7,3,c1130,0,19603.32,0,24174,"['set_speed', 'set_penetrate']",0,0,0
8,4,c1007,56851,17931.47,0,129635,"['set_speed', 'set_cri']",0,1,0
9,5,c2004,0,0.0,0,0,[],0,0,1
0,1,c2089,1714,44120.53,0,74567,['set_speed'],0,0,0
1,2,c2090,4370,5468.8,0,59095,"['set_speed', 'set_acc']",0,0,0
2,3,c2016,83737,2316.21,0,86053,"['set_def', 'set_cri_dmg']",0,0,0
3,4,c4144,61034,1738.51,735,125078,"['set_cri_dmg', 'set_penetrate']",0,1,0
4,5,c5089,0,0.0,0,0,[],0,0,1
5,1,c1159,4463,194332.32,0,270106,"['set_speed', 'set_max_hp']",1,0,0
6,2,c1125,3901,63031.66,12517,340924,['set_speed'],0,1,0
7,3,c2073,7139,92702.01,26562,257140,"['set_counter', 'set_res']",0,0,0
8,4,c2109,0,0.0,0,0,[],0,0,1
9,5,c1102,1632,72637.0,115342,272807,"['set_max_hp', 'set_max_hp', 'set_res']",0,0,0
0,1,c2089,744,0.0,9488,99544,['set_speed'],1,0,0
1,2,c2090,21736,15495.5,0,188375,"['set_speed', 'set_acc']",0,1,0
2,3,c2109,55151,27798.41,8803,181065,"['set_counter', 'set_max_hp']",0,0,0
3,4,c2111,10828,18164.09,3546,176812,"['set_speed', 'set_acc']",0,0,0
4,5,c1102,0,0.0,0,0,[],0,0,1
5,1,c1159,0,66774.19,0,66774,"['set_max_hp', 'set_speed']",0,0,0
6,2,c4004,0,99060.34,5499,226717,"['set_speed', 'set_max_hp']",0,1,0
7,3,c5082,0,51823.37,12793,200347,"['set_speed', 'set_res']",0,0,0
8,4,c2071,18530,79163.5,5683,144095,"['set_counter', 'set_penetrate']",0,0,0
9,5,c2079,0,0.0,0,0,[],0,0,1
0,1,c2089,1620,38761.94,1570,163062,['set_speed'],0,0,0
1,2,c2070,20964,108480.96,8222,198222,"['set_speed', 'set_max_hp']",0,0,0
2,3,c4144,54189,3355.54,1635,210566,"['set_cri_dmg', 'set_penetrate']",0,1,0
3,4,c2109,0,63973.32,0,82139,"['set_counter', 'set_max_hp']",0,0,0
4,5,c2042,0,0.0,0,0,[],0,0,1
5,1,c1159,2369,127074.84,0,129443,"['set_max_hp', 'set_speed']",1,0,0
6,2,c1151,3988,33932.24,0,239276,"['set_acc', 'set_speed']",0,0,0
7,3,c5082,952,54303.36,22104,239993,"['set_immune', 'set_speed']",0,1,0
8,4,c2079,47985,94515.52,0,165733,"['set_cri', 'set_cri_dmg']",0,0,0
9,5,c1141,0,0.0,0,0,[],0,0,1
0,1,c1159,0,57602.98,0,85413,"['set_speed', 'set_max_hp']",1,0,0
1,2,c2132,2874,77883.9,1681,124154,"['set_immune', 'set_speed']",0,1,0
2,3,c1151,0,9466.67,0,37276,"['set_speed', 'set_acc']",0,0,0
3,4,c2111,1500,3491.88,0,102327,"['set_speed', 'set_acc']",0,0,0
4,5,c2024,0,0.0,0,0,[],0,0,1
5,1,c4004,5718,14687.71,8211,50517,"['set_res', 'set_counter']",0,0,0
6,2,c2090,15889,0.0,0,53716,"['set_speed', 'set_res']",0,1,0
7,3,c6037,1418,0.0,3878,29187,"['set_shield', 'set_immune']",0,0,0
8,4,c4144,16562,0.0,0,22534,"['set_cri_dmg', 'set_penetrate']",0,0,0
9,5,c1134,0,0.0,0,0,[],0,0,1
0,1,c1159,0,0.0,0,0,"['set_speed', 'set_max_hp']",0,0,0
1,2,c2101,13375,28881.54,0,67011,"['set_speed', 'set_max_hp']",0,1,0
2,3,c1126,4357,0.0,0,48915,"['set_speed', 'set_acc']",0,0,0
3,4,c1014,15273,0.0,0,49929,"['set_speed', 'set_cri']",0,0,0
4,5,c2004,0,0.0,0,0,[],0,0,1
5,1,c6037,558,36418.1,0,47483,['set_speed'],1,1,0
6,2,c1118,0,0.0,0,0,[],0,0,1
7,3,c1130,9487,4153.69,0,20645,"['set_speed', 'set_penetrate']",0,0,0
8,4,c2020,0,17205.56,0,20708,"['set_speed', 'set_cri']",0,0,0
9,5,c1020,0,19742.24,0,19742,"['set_speed', 'set_cri']",0,0,0
0,1,c1126,9493,47398.37,0,157310,"['set_speed', 'set_acc']",1,0,0
1,2,c1117,0,44392.69,0,56945,"['set_counter', 'set_immune']",0,0,0
2,3,c2070,26380,128867.85,11268,216726,"['set_speed', 'set_max_hp']",0,1,0
3,4,c2015,0,0.0,0,0,[],0,0,1
4,5,c1091,0,46008.81,0,46008,"['set_res', 'set_speed']",0,0,0
5,1,c2046,3895,23817.89,0,135473,['set_speed'],0,0,0
6,2,c1014,46348,16147.0,0,150050,"['set_speed', 'set_penetrate']",0,0,0
7,3,c1150,4543,27034.68,0,92192,"['set_speed', 'set_cri']",0,0,0
8,4,c1007,35476,11114.03,0,174555,"['set_speed', 'set_torrent']",0,1,0
9,5,c2132,0,0.0,0,0,[],0,0,1
0,1,c2089,1888,1569.29,0,29091,['set_speed'],1,0,0
1,2,c2090,20065,33413.41,0,171395,"['set_speed', 'set_acc']",0,0,0
2,3,c2101,33144,0.0,0,69031,"['set_speed', 'set_max_hp']",0,0,0
3,4,c4004,5082,109594.42,51586,243165,"['set_def', 'set_max_hp', 'set_max_hp']",0,1,0
4,5,c2109,0,0.0,0,0,[],0,0,1
5,1,c1159,1247,78202.35,0,135369,"['set_max_hp', 'set_speed']",0,0,0
6,2,c2070,12726,125365.04,0,177235,"['set_speed', 'set_max_hp']",0,1,0
7,3,c6037,312,10339.26,7255,140931,['set_speed'],0,0,0
8,4,c2095,21735,22419.43,0,66522,"['set_cri', 'set_cri_dmg']",0,0,0
9,5,c2016,0,0.0,0,0,[],0,0,1
0,1,c2089,901,67359.87,6677,431178,['set_speed'],0,1,0
1,2,c2016,81652,139021.69,0,407275,"['set_def', 'set_cri_dmg']",0,0,0
2,3,c5082,1488,41630.8,9384,323923,"['set_immune', 'set_speed']",0,0,0
3,4,c2109,23990,48785.86,3204,211690,"['set_counter', 'set_max_hp']",0,0,0
4,5,c2111,0,0.0,0,0,[],0,0,1
5,1,c1159,397,101359.29,0,216621,"['set_speed', 'set_max_hp']",1,0,0
6,2,c6037,0,0.0,0,0,[],0,0,1
7,3,c4004,0,107689.85,29909,290752,"['set_max_hp', 'set_speed']",0,1,0
8,4,c2071,26721,83583.26,4849,153441,"['set_penetrate', 'set_cri_dmg']",0,0,0
9,5,c2047,24249,94036.09,5809,238959,"['set_vampire', 'set_penetrate']",0,0,0
0,1,c2089,3095,48187.21,0,93274,['set_speed'],0,0,0
1,2,c2109,75968,24989.84,6538,115370,"['set_counter', 'set_max_hp']",0,1,0
2,3,c2042,3968,38001.69,0,60341,"['set_speed', 'set_max_hp']",0,0,0
3,4,c4144,23056,38168.53,481,72203,"['set_cri_dmg', 'set_penetrate']",0,0,0
4,5,c5089,0,0.0,0,0,[],0,0,1
5,1,c1159,14667,116988.14,11148,253463,"['set_max_hp', 'set_speed']",1,0,0
6,2,c4004,5002,228765.98,31499,345747,"['set_speed', 'set_max_hp']",0,1,0
7,3,c5082,6039,5011.35,29775,196757,"['set_res', 'set_speed']",0,0,0
8,4,c2073,14527,12680.74,26899,119497,"['set_speed', 'set_penetrate']",0,0,0
9,5,c1137,0,0.0,0,0,[],0,0,1
0,1,c2089,600,53933.92,0,194352,['set_speed'],1,0,0
1,2,c2109,70873,54376.66,0,319442,"['set_counter', 'set_max_hp']",0,1,0
2,3,c4004,2770,18054.53,25510,162850,"['set_def', 'set_max_hp', 'set_max_hp']",0,0,0
3,4,c4144,0,0.0,0,0,[],0,0,1
4,5,c1159,553,32251.42,0,48339,"['set_speed', 'set_max_hp']",0,0,0
5,1,c2101,9315,65272.63,0,142089,"['set_speed', 'set_max_hp']",0,0,0
6,2,c2022,0,80651.61,3782,106934,"['set_res', 'set_def', 'set_immune']",0,0,0
7,3,c1125,684,35254.84,14713,275656,['set_speed'],0,1,0
8,4,c2079,36584,128750.09,0,232835,"['set_cri_dmg', 'set_def']",0,0,0
9,5,c1154,0,0.0,0,0,[],0,0,1
0,1,c1159,2705,110507.81,0,205990,"['set_speed', 'set_max_hp']",1,0,0
1,2,c2109,44661,49765.96,10136,132396,"['set_counter', 'set_max_hp']",0,0,0
2,3,c4004,1761,126105.19,65621,341931,"['set_def', 'set_max_hp', 'set_max_hp']",0,1,0
3,4,c1151,0,0.0,0,0,[],0,0,1
4,5,c2009,4027,48598.08,0,89736,"['set_cri_dmg', 'set_penetrate']",0,0,0
5,1,c2008,2240,80370.78,10258,192270,"['set_immune', 'set_shield']",0,0,0
6,2,c2016,79260,36160.82,0,261209,"['set_def', 'set_cri_dmg']",0,1,0
7,3,c2022,877,42113.68,15379,104757,"['set_res', 'set_speed']",0,0,0
8,4,c5089,0,0.0,0,0,[],0,0,1
9,5,c2070,18295,36414.16,9969,177333,"['set_speed', 'set_max_hp']",0,0,0
0,1,c2089,943,30835.12,8191,160759,['set_speed'],0,0,0
1,2,c2109,34272,44657.07,818,178392,"['set_counter', 'set_max_hp']",0,1,0
2,3,c2132,582,35965.42,1626,98568,"['set_immune', 'set_speed']",0,0,0
3,4,c4144,25968,16470.38,987,73623,"['set_cri_dmg', 'set_penetrate']",0,0,0
4,5,c2072,0,0.0,0,0,[],0,0,1
5,1,c2016,2765,34735.69,930,46010,"['set_cri', 'set_vampire']",1,0,0
6,2,c2090,0,0.0,0,0,[],0,0,1
7,3,c2008,0,43549.07,3236,84684,"['set_shield', 'set_immune']",0,0,0
8,4,c2024,0,22831.28,104,60834,"['set_speed', 'set_immune']",0,0,0
9,5,c2079,32979,101729.57,9798,205144,"['set_speed', 'set_cri']",0,1,0
0,1,c1159,4768,112972.3,6932,279462,"['set_speed', 'set_max_hp']",1,1,0
1,2,c2132,3873,41313.3,1681,84017,"['set_immune', 'set_speed']",0,0,0
2,3,c2016,58288,26993.96,0,165772,"['set_def', 'set_cri_dmg']",0,0,0
3,4,c2111,0,0.0,0,0,[],0,0,1
4,5,c2109,14245,33648.62,4864,80620,"['set_counter', 'set_max_hp']",0,0,0
5,1,c2090,22408,60452.23,0,279510,"['set_speed', 'set_res']",0,1,0
6,2,c4004,4637,112746.81,16788,185921,"['set_res', 'set_counter']",0,0,0
7,3,c4144,29266,34773.68,1646,186436,"['set_cri_dmg', 'set_penetrate']",0,0,0
8,4,c1148,11408,50873.94,0,165781,"['set_speed', 'set_res']",0,0,0
9,5,c2071,0,0.0,0,0,[],0,0,1
0,1,c1126,7960,14168.51,0,121046,"['set_speed', 'set_acc']",1,1,0
1,2,c2101,9248,18184.08,0,91437,"['set_speed', 'set_max_hp']",0,0,0
2,3,c2070,0,74870.32,2880,89387,"['set_speed', 'set_max_hp']",0,0,0
3,4,c1151,0,0.0,0,0,[],0,0,1
4,5,c2050,0,18156.71,0,18156,"['set_cri_dmg', 'set_torrent']",0,0,0
5,1,c1159,0,0.0,0,0,[],0,0,1
6,2,c2016,11990,2719.06,722,25634,"['set_vampire', 'set_cri']",0,0,0
7,3,c2008,0,61786.1,4162,91456,"['set_immune', 'set_shield']",0,0,0
8,4,c2090,14066,16003.07,0,126997,"['set_speed', 'set_immune']",0,1,0
9,5,c2111,5172,10916.46,0,67103,"['set_speed', 'set_acc']",0,0,0
0,1,c1159,1300,57370.04,0,58670,"['set_speed', 'set_max_hp']",0,0,0
1,2,c2002,10983,103310.4,12476,219865,"['set_speed', 'set_immune']",0,1,0
2,3,c2009,36795,67528.37,0,185006,"['set_cri_dmg', 'set_penetrate']",0,0,0
3,4,c2022,0,0.0,20556,29865,"['set_speed', 'set_res']",0,0,0
4,5,c2109,0,0.0,0,0,[],0,0,1
5,1,c6037,0,17467.11,9879,138024,['set_speed'],1,0,0
6,2,c2090,23317,56966.85,0,224164,"['set_speed', 'set_immune']",0,1,0
7,3,c2132,944,16024.42,0,44637,"['set_speed', 'set_acc']",0,0,0
8,4,c2038,34939,24924.31,0,113357,"['set_penetrate', 'set_speed']",0,0,0
9,5,c2072,0,0.0,0,0,[],0,0,1
0,1,c6037,823,18562.74,0,70811,"['set_speed', 'set_immune']",0,0,0
1,2,c2101,13432,14293.38,0,56294,"['set_speed', 'set_max_hp']",0,0,0
2,3,c2095,0,75830.51,0,75830,"['set_speed', 'set_def']",0,0,0
3,4,c2089,1353,18553.44,0,122757,['set_speed'],0,1,0
4,5,c1014,0,0.0,0,0,[],0,0,1
5,1,c1159,0,0.0,0,0,[],1,0,1
6,2,c1150,451,4454.34,0,21847,"['set_speed', 'set_cri']",0,0,0
7,3,c1147,0,25125.08,0,25125,"['set_speed', 'set_acc']",0,0,0
8,4,c2020,0,4168.4,0,4168,"['set_speed', 'set_torrent']",0,0,0
9,5,c2099,26102,10293.32,0,50514,"['set_cri', 'set_speed']",0,1,0
0,1,c1126,1663,0.0,0,2577,"['set_speed', 'set_acc']",1,1,0
1,2,c4144,0,0.0,0,0,"['set_cri_dmg', 'set_penetrate']",0,0,0
2,3,c4004,0,0.0,0,582,"['set_def', 'set_max_hp', 'set_max_hp']",0,0,0
3,4,c2004,0,0.0,0,0,[],0,0,1
4,5,c1014,0,0.0,0,0,"['set_speed', 'set_cri']",0,0,0
5,1,c1118,0,0.0,0,0,['set_speed'],0,0,0
6,2,c1130,0,0.0,0,243,"['set_speed', 'set_penetrate']",0,0,0
7,3,c2091,0,0.0,0,243,"['set_att', 'set_cri']",0,0,0
8,4,c1125,0,4879.69,0,4879,"['set_speed', 'set_acc']",0,1,0
9,5,c1007,0,0.0,0,0,[],0,0,1
0,1,c2016,0,48319.81,0,48319,"['set_def', 'set_cri_dmg']",0,0,0
1,2,c2008,2,98183.48,4080,133474,"['set_immune', 'set_shield']",0,0,0
2,3,c6037,0,0.0,0,0,[],0,0,1
3,4,c2109,33105,68733.55,6081,126645,"['set_counter', 'set_max_hp']",0,0,0
4,5,c1118,34726,18853.59,0,465532,['set_speed'],0,1,0
5,1,c2089,596,70955.67,10369,162790,"['set_acc', 'set_speed']",1,0,0
6,2,c2090,19013,61612.17,0,219258,"['set_acc', 'set_speed']",0,1,0
7,3,c1128,27694,37722.16,8192,166030,"['set_immune', 'set_speed']",0,0,0
8,4,c1148,15746,36917.75,0,104651,"['set_acc', 'set_speed']",0,0,0
9,5,c2071,0,0.0,0,0,[],0,0,1
0,1,c2089,881,4347.33,0,57411,['set_speed'],1,0,0
1,2,c2109,39472,0.0,0,77159,"['set_counter', 'set_max_hp']",0,1,0
2,3,c4004,0,0.0,11178,34370,"['set_def', 'set_max_hp', 'set_max_hp']",0,0,0
3,4,c5089,0,0.0,0,0,[],0,0,1
4,5,c1102,736,0.0,1366,25295,"['set_immune', 'set_shield']",0,0,0
5,1,c1126,0,26148.79,0,26148,['set_speed'],0,0,0
6,2,c1159,0,80834.08,0,80834,['set_speed'],0,0,0
7,3,c2070,0,5618.43,36184,105217,"['set_speed', 'set_max_hp']",0,1,0
8,4,c2071,1139,8614.0,0,9752,"['set_cri_dmg', 'set_def']",0,0,0
9,5,c1151,0,0.0,0,0,[],0,0,1
0,1,c1126,0,47398.37,0,47398,"['set_speed', 'set_acc']",1,0,0
1,2,c2070,6316,45059.7,22537,122717,"['set_speed', 'set_max_hp']",0,0,0
2,3,c2132,1304,46119.07,4696,155151,"['set_immune', 'set_speed']",0,0,0
3,4,c2015,0,0.0,0,0,[],0,0,1
4,5,c2002,16646,68729.26,12328,241405,"['set_speed', 'set_immune']",0,1,0
5,1,c2046,675,10380.89,0,67105,['set_speed'],0,0,0
6,2,c1014,8461,16147.0,0,37063,"['set_speed', 'set_penetrate']",0,0,0
7,3,c1150,0,6291.58,0,31202,"['set_speed', 'set_cri']",0,0,0
8,4,c1007,44361,17478.77,0,88826,"['set_speed', 'set_torrent']",0,1,0
9,5,c2080,0,0.0,0,0,[],0,0,1
0,1,c1159,1071,15372.87,0,43761,"['set_speed', 'set_max_hp']",1,0,0
1,2,c4004,1278,18587.72,5167,93325,"['set_def', 'set_max_hp', 'set_max_hp']",0,0,0
2,3,c2089,0,0.0,0,0,[],0,0,1
3,4,c2016,44218,7049.35,0,128666,"['set_def', 'set_cri_dmg']",0,1,0
4,5,c4144,17107,3970.5,0,34736,"['set_cri_dmg', 'set_penetrate']",0,0,0
5,1,c1126,0,32945.57,0,190706,"['set_speed', 'set_acc']",0,1,0
6,2,c2101,10383,62134.06,0,130639,"['set_speed', 'set_cri']",0,0,0
7,3,c2090,0,0.0,0,0,[],0,0,1
8,4,c2079,0,64820.18,0,81426,"['set_cri', 'set_cri_dmg']",0,0,0
9,5,c1148,0,37297.12,0,62206,"['set_res', 'set_counter']",0,0,0
0,1,c1159,0,32428.98,0,57334,"['set_speed', 'set_max_hp']",1,0,0
1,2,c2089,0,0.0,0,0,[],0,0,1
2,3,c2016,44939,0.0,0,157013,"['set_def', 'set_cri_dmg']",0,0,0
3,4,c4004,0,122225.08,29872,239266,"['set_def', 'set_max_hp', 'set_max_hp']",0,1,0
4,5,c2109,3813,15775.08,0,56946,"['set_counter', 'set_max_hp']",0,0,0
5,1,c5089,14908,18232.14,0,162519,"['set_speed', 'set_torrent']",0,0,0
6,2,c1121,12339,31707.57,17487,310340,"['set_speed', 'set_immune']",0,1,0
7,3,c1118,0,0.0,0,0,[],0,0,1
8,4,c1089,4154,32174.81,6080,82217,"['set_speed', 'set_immune']",0,0,0
9,5,c2071,16664,45298.71,0,71914,"['set_immune', 'set_cri_dmg']",0,0,0
0,1,c1159,2768,13412.03,0,16180,"['set_speed', 'set_max_hp']",1,0,0
1,2,c2089,425,68457.96,19138,285558,['set_speed'],0,1,0
2,3,c4004,0,153572.09,11963,244550,"['set_def', 'set_max_hp', 'set_max_hp']",0,0,0
3,4,c2016,0,0.0,0,0,[],0,0,1
4,5,c4144,36323,17284.91,5882,230688,"['set_cri_dmg', 'set_penetrate']",0,0,0
5,1,c5089,35981,20289.54,2700,147196,"['set_speed', 'set_torrent']",0,0,0
6,2,c1121,17121,25818.54,0,176216,"['set_speed', 'set_immune']",0,1,0
7,3,c1118,0,0.0,0,0,[],0,0,1
8,4,c1089,7641,16685.04,2568,83208,"['set_speed', 'set_immune']",0,0,0
9,5,c2079,5585,53324.93,0,64541,"['set_cri', 'set_speed']",0,0,0
0,1,c1159,2283,25404.83,0,49087,"['set_speed', 'set_max_hp']",1,0,0
1,2,c4004,4682,111364.47,42863,330111,"['set_def', 'set_max_hp', 'set_max_hp']",0,1,0
2,3,c2109,82339,51468.09,13461,322036,"['set_counter', 'set_max_hp']",0,0,0
3,4,c2099,0,0.0,0,0,[],0,0,1
4,5,c5089,22802,0.0,0,190436,"['set_speed', 'set_torrent']",0,0,0
5,1,c6037,0,64740.84,7211,373914,"['set_immune', 'set_speed']",0,1,0
6,2,c2101,5325,103717.17,0,290219,"['set_speed', 'set_max_hp']",0,0,0
7,3,c1102,281,94855.47,71518,302538,"['set_speed', 'set_max_hp']",0,0,0
8,4,c2071,50277,105344.36,0,200915,"['set_counter', 'set_penetrate']",0,0,0
9,5,c4051,0,0.0,0,0,[],0,0,1
0,1,c1126,5318,11171.47,0,106638,"['set_speed', 'set_acc']",1,1,0
1,2,c2070,28372,19073.69,7527,92093,"['set_speed', 'set_max_hp']",0,0,0
2,3,c2090,0,0.0,0,0,[],0,0,1
3,4,c2111,1366,0.0,1885,56279,"['set_speed', 'set_acc']",0,0,0
4,5,c2023,23180,8163.09,0,84371,"['set_cri_dmg', 'set_torrent']",0,0,0
5,1,c1159,0,60867.92,0,60867,"['set_max_hp', 'set_speed']",0,0,0
6,2,c6037,383,49992.98,0,82647,"['set_speed', 'set_immune']",0,1,0
7,3,c4004,0,0.0,0,0,[],0,0,1
8,4,c4144,14925,29693.56,1768,57144,"['set_cri_dmg', 'set_penetrate']",0,0,0
9,5,c2079,0,57511.05,0,57511,"['set_speed', 'set_cri']",0,0,0
0,1,c2101,18270,33550.89,0,137409,"['set_speed', 'set_max_hp']",0,0,0
1,2,c4004,1353,86872.39,0,145284,"['set_def', 'set_max_hp', 'set_max_hp']",0,0,0
2,3,c6037,197,41329.64,27726,204768,"['set_speed', 'set_immune']",0,1,0
3,4,c2090,1633,26815.18,0,106904,"['set_speed', 'set_acc']",0,0,0
4,5,c2111,0,0.0,0,0,[],0,0,1
5,1,c1159,2254,33572.96,0,35826,"['set_speed', 'set_max_hp']",1,0,0
6,2,c2070,7221,25283.84,0,102425,"['set_speed', 'set_max_hp']",0,0,0
7,3,c1151,0,0.0,0,0,[],0,0,1
8,4,c1129,54481,29146.42,10449,145238,"['set_vampire', 'set_res']",0,1,0
9,5,c2132,3040,5089.06,0,18361,"['set_counter', 'set_acc']",0,0,0
0,1,c1159,3177,58980.82,0,62157,"['set_speed', 'set_max_hp']",1,0,0
1,2,c2109,43778,12905.78,1476,196544,"['set_counter', 'set_max_hp']",0,0,0
2,3,c4004,1220,128028.69,13494,218995,"['set_def', 'set_max_hp', 'set_max_hp']",0,1,0
3,4,c1146,0,0.0,0,0,[],0,0,1
4,5,c2111,9898,9459.38,0,163390,"['set_speed', 'set_acc']",0,0,0
5,1,c6037,931,42078.71,11881,130649,"['set_speed', 'set_res']",0,0,0
6,2,c2101,16265,48065.29,0,109785,"['set_speed', 'set_penetrate']",0,0,0
7,3,c2090,18859,85285.49,0,225358,"['set_speed', 'set_res']",0,1,0
8,4,c1126,13944,15218.22,0,142799,['set_speed'],0,0,0
9,5,c2024,0,0.0,0,0,[],0,0,1
0,1,c1159,0,110028.41,0,110028,"['set_speed', 'set_max_hp']",1,1,0
1,2,c1126,0,0.0,0,0,[],0,0,1
2,3,c2109,0,0.0,0,16504,"['set_counter', 'set_max_hp']",0,0,0
3,4,c1151,0,0.0,0,5501,"['set_speed', 'set_acc']",0,0,0
4,5,c2111,0,0.0,0,0,"['set_speed', 'set_acc']",0,0,0
5,1,c2089,0,0.0,0,30984,"['set_speed', 'set_acc']",0,0,0
6,2,c2090,0,0.0,0,10844,"['set_speed', 'set_acc']",0,0,0
7,3,c1121,0,0.0,0,1549,"['set_speed', 'set_immune']",0,0,0
8,4,c5089,30984,0.0,0,57320,"['set_speed', 'set_torrent']",0,1,0
9,5,c1119,0,0.0,0,0,[],0,0,1
0,1,c1159,0,21530.16,0,113244,"['set_speed', 'set_max_hp']",1,0,0
1,2,c2109,1886,51477.2,0,80877,"['set_counter', 'set_max_hp']",0,0,0
2,3,c4004,0,105649.14,19507,244385,"['set_def', 'set_max_hp', 'set_max_hp']",0,1,0
3,4,c2111,0,0.0,0,0,[],0,0,1
4,5,c1103,11388,15222.96,2625,111779,"['set_cri_dmg', 'set_penetrate']",0,0,0
5,1,c6037,0,0.0,6825,56495,"['set_immune', 'set_speed']",0,0,0
6,2,c2090,13469,0.0,9907,122716,"['set_speed', 'set_res']",0,0,0
7,3,c2071,44048,46157.96,0,95724,"['set_cri_dmg', 'set_penetrate']",0,0,0
8,4,c1121,10333,0.0,7231,133460,"['set_immune', 'set_cri', 'set_penetrate']",0,1,0
9,5,c5089,0,0.0,0,0,[],0,0,1
0,1,c1159,1203,13792.61,0,23518,"['set_speed', 'set_max_hp']",1,0,0
1,2,c4004,0,12423.69,1574,43828,"['set_def', 'set_max_hp', 'set_max_hp']",0,0,0
2,3,c2109,7616,12419.45,0,32819,"['set_counter', 'set_max_hp']",0,0,0
3,4,c1151,0,0.0,0,0,[],0,0,1
4,5,c5089,22991,13208.28,0,91597,"['set_speed', 'set_torrent']",0,1,0
5,1,c2089,0,0.0,11073,214591,"['set_speed', 'set_acc']",0,1,0
6,2,c2070,0,136470.59,0,165544,"['set_max_hp', 'set_speed']",0,0,0
7,3,c2132,1641,14824.22,5619,41467,"['set_acc', 'set_speed']",0,0,0
8,4,c2071,16150,6283.64,1765,24198,"['set_vampire', 'set_penetrate']",0,0,0
9,5,c1128,0,0.0,0,0,[],0,0,1
0,1,c1159,0,71166.73,0,71166,"['set_speed', 'set_max_hp']",1,1,0
1,2,c1126,4829,0.0,0,68555,"['set_speed', 'set_acc']",0,0,0
2,3,c2008,0,31084.7,15471,71066,"['set_immune', 'set_shield']",0,0,0
3,4,c2111,0,0.0,0,0,[],0,0,1
4,5,c4144,0,0.0,0,0,"['set_cri_dmg', 'set_penetrate']",0,0,0
5,1,c2101,2449,5419.47,0,31652,"['set_speed', 'set_max_hp']",0,0,0
6,2,c4004,0,0.0,0,0,[],0,0,1
7,3,c2132,487,0.0,0,487,"['set_acc', 'set_speed']",0,0,0
8,4,c2046,9372,1963.86,0,27687,"['set_speed', 'set_immune']",0,0,0
9,5,c2090,10701,6770.03,0,47200,"['set_immune', 'set_speed']",0,1,0
0,1,c1159,1505,0.0,0,1505,"['set_speed', 'set_max_hp']",1,0,0
1,2,c6037,928,22361.5,886,111550,"['set_speed', 'set_immune']",0,0,0
2,3,c2071,49106,47112.99,13696,176902,"['set_penetrate', 'set_cri_dmg']",0,1,0
3,4,c1151,0,0.0,0,0,[],0,0,1
4,5,c2111,10027,0.0,0,123613,"['set_speed', 'set_acc']",0,0,0
5,1,c2089,0,26288.62,0,140184,"['set_speed', 'set_acc']",0,0,0
6,2,c2109,17134,56461.83,0,106137,"['set_immune', 'set_counter']",0,0,0
7,3,c4004,1041,119338.94,31880,282427,"['set_max_hp', 'set_speed']",0,1,0
8,4,c5089,0,19034.68,0,27170,"['set_torrent', 'set_torrent', 'set_torrent']",0,0,0
9,5,c2079,0,0.0,0,0,[],0,0,1
0,1,c4004,3215,116726.74,43170,263772,"['set_def', 'set_max_hp', 'set_max_hp']",0,0,0
1,2,c2101,57997,134005.18,12062,339955,"['set_speed', 'set_max_hp']",0,1,0
2,3,c2109,68013,5458.97,0,289890,"['set_counter', 'set_max_hp']",0,0,0
3,4,c2022,803,27542.74,34304,97881,"['set_speed', 'set_res']",0,0,0
4,5,c5089,0,0.0,0,0,[],0,0,1
5,1,c1159,2948,148900.18,0,164851,"['set_speed', 'set_max_hp']",1,0,0
6,2,c2070,28935,193310.92,0,332777,"['set_speed', 'set_max_hp']",0,1,0
7,3,c4144,55772,53088.61,6310,186691,"['set_vampire', 'set_penetrate']",0,0,0
8,4,c2071,0,0.0,0,0,[],0,0,1
9,5,c1102,1168,75537.29,84215,232441,"['set_speed', 'set_max_hp']",0,0,0
0,1,c2101,11246,7550.32,0,45385,"['set_speed', 'set_max_hp']",0,0,0
1,2,c4004,0,14435.45,18864,63688,"['set_def', 'set_max_hp', 'set_max_hp']",0,1,0
2,3,c2071,23105,0.0,0,53492,"['set_penetrate', 'set_cri_dmg']",0,0,0
3,4,c6037,768,0.0,0,46349,"['set_speed', 'set_immune']",0,0,0
4,5,c1121,0,0.0,0,0,[],0,0,1
5,1,c1159,0,16814.71,0,46837,"['set_speed', 'set_max_hp']",1,0,0
6,2,c2109,6774,38212.39,0,59997,"['set_counter', 'set_cri']",0,1,0
7,3,c2070,0,0.0,0,0,[],0,0,1
8,4,c5089,0,11928.53,0,21936,"['set_speed', 'set_torrent']",0,0,0
9,5,c1112,0,26345.49,0,26345,['set_acc'],0,0,0
0,1,c1126,0,0.0,0,0,[],1,0,1
1,2,c1117,0,22431.31,0,27130,"['set_counter', 'set_immune']",0,0,0
2,3,c4144,0,22376.63,0,45872,"['set_cri_dmg', 'set_penetrate']",0,0,0
3,4,c1014,17061,11564.42,0,117908,"['set_speed', 'set_cri']",0,1,0
4,5,c2004,749,19800.29,0,58142,"['set_speed', 'set_acc']",0,0,0
5,1,c1118,0,19837.42,0,19837,"['set_speed', 'set_cri']",0,0,0
6,2,c2024,8934,0.0,0,32171,['set_speed'],0,0,0
7,3,c2091,20794,0.0,0,57310,"['set_cri', 'set_speed']",0,1,0
8,4,c2080,0,16828.51,0,16828,"['set_cri', 'set_speed']",0,0,0
9,5,c1007,0,0.0,0,0,[],0,0,1
0,1,c1159,0,0.0,0,0,[],0,0,1
1,2,c2070,21233,122013.17,4815,184748,"['set_speed', 'set_max_hp']",0,0,0
2,3,c2109,40753,26526.32,5836,219862,"['set_counter', 'set_max_hp']",0,1,0
3,4,c2016,5707,40028.7,0,45735,"['set_def', 'set_cri_dmg']",0,0,0
4,5,c2111,9737,29070.29,0,173324,"['set_speed', 'set_acc']",0,0,0
5,1,c5001,3925,164297.17,1524,245524,"['set_max_hp', 'set_speed']",1,1,0
6,2,c2053,4020,73549.23,15146,202172,"['set_speed', 'set_res']",0,0,0
7,3,c2101,19510,49395.7,0,127844,"['set_speed', 'set_cri']",0,0,0
8,4,c4144,37593,49751.02,2277,224338,"['set_cri_dmg', 'set_penetrate']",0,0,0
9,5,c1151,0,0.0,0,0,[],0,0,1
0,1,c1159,1158,104229.4,0,120219,"['set_speed', 'set_max_hp']",1,0,0
1,2,c2109,65482,73831.67,22364,258089,"['set_counter', 'set_max_hp']",0,1,0
2,3,c1126,1486,45939.31,0,173502,"['set_speed', 'set_acc']",0,0,0
3,4,c1148,0,0.0,0,0,[],0,0,1
4,5,c1141,12536,43787.88,0,115654,"['set_acc', 'set_speed']",0,0,0
5,1,c2089,2376,70720.91,7552,198330,['set_speed'],0,0,0
6,2,c1132,7425,23274.18,6159,95699,"['set_speed', 'set_acc']",0,0,0
7,3,c2079,75567,85115.15,17008,597980,"['set_vampire', 'set_cri']",0,1,0
8,4,c1154,5266,80315.63,39508,192336,"['set_speed', 'set_acc']",0,0,0
9,5,c2071,0,0.0,0,0,[],0,0,1
0,1,c1159,1808,121220.64,0,123028,"['set_speed', 'set_max_hp']",1,0,0
1,2,c4144,40175,32058.99,1364,148957,"['set_cri_dmg', 'set_penetrate']",0,1,0
2,3,c2042,13376,111546.56,0,124922,"['set_speed', 'set_max_hp']",0,0,0
3,4,c1151,12405,42839.88,0,130603,"['set_speed', 'set_acc']",0,0,0
4,5,c2111,0,0.0,0,0,[],0,0,1
5,1,c4004,8960,76792.09,36424,176085,"['set_speed', 'set_max_hp']",0,0,0
6,2,c2132,4438,35525.0,0,39963,"['set_acc', 'set_speed']",0,0,0
7,3,c2038,65314,13643.08,0,240685,"['set_penetrate', 'set_cri_dmg']",0,1,0
8,4,c5089,6368,20551.91,1531,28451,"['set_speed', 'set_torrent']",0,0,0
9,5,c1118,0,0.0,0,0,[],0,0,1
0,1,c2089,1919,29708.42,7351,223449,['set_speed'],0,0,0
1,2,c2016,18045,69480.52,0,133643,"['set_def', 'set_cri_dmg']",0,0,0
2,3,c2042,0,20030.05,0,149159,"['set_speed', 'set_max_hp']",0,0,0
3,4,c4144,50827,28918.11,4308,268523,"['set_cri_dmg', 'set_penetrate']",0,1,0
4,5,c1148,0,0.0,0,0,[],0,0,1
5,1,c2132,6742,37244.14,0,175684,"['set_immune', 'set_shield']",1,1,0
6,2,c5082,0,0.0,0,0,[],0,0,1
7,3,c2008,0,48287.93,11843,107166,"['set_immune', 'set_shield']",0,0,0
8,4,c2109,0,21200.15,0,58828,"['set_counter', 'set_immune']",0,0,0
9,5,c2079,22652,86858.99,346,138078,"['set_cri_dmg', 'set_max_hp']",0,0,0
0,1,c1159,0,9453.13,0,9453,"['set_speed', 'set_max_hp']",1,0,0
1,2,c2109,17135,6607.9,0,69881,"['set_counter', 'set_max_hp']",0,0,0
2,3,c1126,0,0.0,0,0,[],0,0,1
3,4,c1014,10699,18469.5,0,96278,"['set_speed', 'set_cri']",0,1,0
4,5,c1007,0,21523.0,0,21522,"['set_cri', 'set_speed']",0,0,0
5,1,c4144,0,17339.13,0,38170,"['set_speed', 'set_penetrate']",0,0,0
6,2,c5016,21579,23500.35,0,90908,"['set_speed', 'set_cri']",0,1,0
7,3,c2004,1319,0.0,0,17984,"['set_speed', 'set_cri']",0,0,0
8,4,c1034,0,19588.27,0,19588,"['set_speed', 'set_cri']",0,0,0
9,5,c1150,0,0.0,0,0,[],0,0,1
0,1,c1159,13305,83483.66,11012,193402,"['set_speed', 'set_max_hp']",0,0,0
1,2,c6037,258,48015.93,17539,372003,"['set_speed', 'set_immune']",0,1,0
2,3,c2109,48752,41191.49,0,326993,"['set_counter', 'set_max_hp']",0,0,0
3,4,c5089,45492,19044.69,1141,154571,"['set_speed', 'set_torrent']",0,0,0
4,5,c2111,0,0.0,0,0,[],0,0,1
5,1,c2089,991,107998.02,0,423270,"['set_def', 'set_speed']",1,1,0
6,2,c5082,1775,103063.26,17298,270033,"['set_speed', 'set_res']",0,0,0
7,3,c2070,0,140859.41,17551,232359,"['set_speed', 'set_max_hp']",0,0,0
8,4,c2023,58660,146359.25,21681,337623,"['set_vampire', 'set_res']",0,0,0
9,5,c1137,0,0.0,0,0,[],0,0,1
0,1,c2089,807,19700.92,11929,140179,['set_speed'],0,0,0
1,2,c2109,25336,24860.18,4215,120714,"['set_counter', 'set_max_hp']",0,0,0
2,3,c5089,30053,18542.44,0,156337,"['set_speed', 'set_torrent']",0,1,0
3,4,c2022,0,0.0,0,0,[],0,0,1
4,5,c2009,25061,33998.83,12692,121479,"['set_cri_dmg', 'set_penetrate']",0,0,0
5,1,c1159,2626,49278.03,0,77499,"['set_speed', 'set_max_hp']",1,0,0
6,2,c6037,0,53562.65,24794,270322,"['set_speed', 'set_immune']",0,1,0
7,3,c2070,20276,92441.71,0,227896,"['set_speed', 'set_max_hp']",0,0,0
8,4,c2071,13899,63063.06,0,140950,"['set_penetrate', 'set_cri_dmg']",0,0,0
9,5,c1121,0,0.0,0,0,[],0,0,1
0,1,c2016,38972,0.0,0,97240,"['set_def', 'set_cri_dmg']",0,1,0
1,2,c1126,0,0.0,0,0,[],0,0,1
2,3,c2015,0,0.0,0,38845,"['set_immune', 'set_speed']",0,0,0
3,4,c4144,0,0.0,0,0,"['set_cri_dmg', 'set_penetrate']",0,0,0
4,5,c6037,0,58142.05,0,93103,"['set_speed', 'set_immune']",0,0,0
5,1,c2046,1757,24418.66,0,93850,['set_speed'],1,1,0
6,2,c1150,852,22335.45,0,50257,"['set_speed', 'set_immune']",0,0,0
7,3,c1014,14318,16147.0,0,75581,"['set_speed', 'set_penetrate']",0,0,0
8,4,c2090,0,32963.06,0,32963,"['set_acc', 'set_speed']",0,0,0
9,5,c1147,0,0.0,0,0,[],0,0,1
0,1,c2089,1117,5166.05,0,66356,['set_speed'],0,0,0
1,2,c2109,73862,0.0,0,155137,"['set_counter', 'set_max_hp']",0,1,0
2,3,c4004,1299,0.0,30579,84884,"['set_def', 'set_max_hp', 'set_max_hp']",0,0,0
3,4,c5089,0,0.0,0,0,[],0,0,1
4,5,c2095,5767,0.0,0,9300,"['set_speed', 'set_def']",0,0,0
5,1,c1159,0,80276.03,0,95926,"['set_max_hp', 'set_speed']",1,0,0
6,2,c6037,0,39272.61,14140,241220,"['set_speed', 'set_immune']",0,1,0
7,3,c2090,0,61472.35,0,147550,"['set_speed', 'set_acc']",0,0,0
8,4,c1151,0,0.0,0,0,[],0,0,1
9,5,c2101,1400,64280.86,0,112632,"['set_cri', 'set_speed']",0,0,0
0,1,c1159,12137,96026.28,12709,331966,"['set_speed', 'set_max_hp']",1,1,0
1,2,c2109,9239,51851.06,0,73755,"['set_counter', 'set_max_hp']",0,0,0
2,3,c4004,7413,111864.66,25794,229509,"['set_def', 'set_max_hp', 'set_max_hp']",0,0,0
3,4,c2009,64201,23978.43,6974,196479,"['set_cri_dmg', 'set_penetrate']",0,0,0
4,5,c1151,0,0.0,0,0,[],0,0,1
5,1,c2090,27361,101537.13,8839,256862,"['set_speed', 'set_res']",0,1,0
6,2,c2070,32525,136332.53,0,196347,"['set_max_hp', 'set_max_hp', 'set_max_hp']",0,0,0
7,3,c2111,8388,47874.91,5203,180591,"['set_acc', 'set_speed']",0,0,0
8,4,c2071,8861,81250.0,0,94692,"['set_penetrate', 'set_scar']",0,0,0
9,5,c1022,0,0.0,0,0,[],0,0,1
0,1,c2101,22548,5428.41,0,98505,"['set_speed', 'set_max_hp']",0,0,0
1,2,c4004,0,120901.07,5842,197272,"['set_def', 'set_max_hp', 'set_max_hp']",0,1,0
2,3,c2009,0,0.0,0,0,[],0,0,1
3,4,c2022,350,52604.76,27807,95875,"['set_speed', 'set_res']",0,0,0
4,5,c2111,13864,2543.57,0,137314,"['set_speed', 'set_acc']",0,0,0
5,1,c1159,1897,44705.69,0,46602,"['set_max_hp', 'set_speed']",1,0,0
6,2,c2090,16013,30290.76,0,108281,"['set_res', 'set_speed']",0,1,0
7,3,c5089,0,15824.11,0,19086,"['set_speed', 'set_torrent']",0,0,0
8,4,c1128,32578,18917.14,2872,67415,"['set_speed', 'set_res']",0,0,0
9,5,c2008,0,0.0,0,0,[],0,0,1
0,1,c2089,1584,0.0,15114,102982,['set_speed'],0,0,0
1,2,c2109,7706,8055.84,0,30142,"['set_counter', 'set_max_hp']",0,0,0
2,3,c4004,0,24496.3,17159,113558,"['set_def', 'set_max_hp', 'set_max_hp']",0,0,0
3,4,c5089,33229,6824.62,5668,170354,"['set_speed', 'set_torrent']",0,1,0
4,5,c2111,0,0.0,0,0,[],0,0,1
5,1,c1159,0,0.0,0,0,[],1,0,1
6,2,c2008,0,114643.03,3445,159048,"['set_shield', 'set_immune']",0,0,0
7,3,c2071,0,60986.27,0,60986,"['set_cri_dmg', 'set_penetrate']",0,0,0
8,4,c1121,7929,0.0,0,179961,"['set_speed', 'set_immune']",0,1,0
9,5,c1137,7886,0.0,9910,91524,"['set_def', 'set_counter']",0,0,0
0,1,c2089,0,23360.85,0,134219,['set_speed'],0,1,0
1,2,c2109,4046,0.0,0,49693,"['set_counter', 'set_max_hp']",0,0,0
2,3,c2079,8977,68950.99,0,97491,"['set_cri_dmg', 'set_def']",0,0,0
3,4,c2042,0,25087.63,0,25087,"['set_speed', 'set_max_hp']",0,0,0
4,5,c1091,0,0.0,0,0,[],0,0,1
5,1,c1159,1543,0.0,0,1543,['set_speed'],1,0,0
6,2,c6037,0,0.0,4049,62763,"['set_def', 'set_speed']",0,1,0
7,3,c1151,1522,31362.92,0,46229,['set_speed'],0,0,0
8,4,c1128,14900,0.0,0,22906,"['set_speed', 'set_immune']",0,0,0
9,5,c2090,0,0.0,0,0,[],0,0,1
0,1,c2089,0,0.0,4936,34667,['set_speed'],0,1,0
1,2,c2109,2459,21159.83,0,31051,"['set_counter', 'set_max_hp']",0,0,0
2,3,c5089,0,14784.71,0,17262,"['set_speed', 'set_torrent']",0,0,0
3,4,c4004,0,0.0,0,0,[],0,0,1
4,5,c2111,1361,1302.81,3546,28507,"['set_speed', 'set_acc']",0,0,0
5,1,c1159,2311,6738.44,0,13732,"['set_speed', 'set_max_hp']",1,0,0
6,2,c6037,574,0.0,4186,25834,"['set_speed', 'set_immune']",0,0,0
7,3,c2071,16763,0.0,0,35495,"['set_counter', 'set_penetrate']",0,0,0
8,4,c1151,0,0.0,0,0,[],0,0,1
9,5,c1121,7170,4559.46,4527,60746,"['set_speed', 'set_res']",0,1,0
0,1,c2089,2253,14719.7,1047,116099,['set_speed'],0,0,0
1,2,c2101,31659,53797.88,0,172638,"['set_speed', 'set_max_hp']",0,0,0
2,3,c4144,41732,5955.57,2026,125998,"['set_cri_dmg', 'set_penetrate']",0,0,0
3,4,c4004,6989,78692.24,33570,211882,"['set_def', 'set_max_hp', 'set_max_hp']",0,1,0
4,5,c2111,0,0.0,0,0,[],0,0,1
5,1,c1159,0,0.0,0,0,[],1,0,1
6,2,c5082,363,64333.65,23896,266908,"['set_speed', 'set_res']",0,1,0
7,3,c2016,11699,121975.02,2989,145578,"['set_immune', 'set_vampire']",0,0,0
8,4,c2042,10192,163253.04,0,235855,"['set_speed', 'set_immune']",0,0,0
9,5,c2050,25959,21127.34,0,64917,"['set_vampire', 'set_penetrate']",0,0,0
0,1,c2089,646,0.0,0,27209,['set_speed'],0,0,0
1,2,c2101,0,2898.22,0,2898,"['set_speed', 'set_max_hp']",0,0,0
2,3,c1091,0,0.0,0,0,[],0,0,1
3,4,c2016,37303,0.0,0,53241,"['set_def', 'set_cri_dmg']",0,1,0
4,5,c5050,12280,0.0,0,49469,"['set_speed', 'set_acc']",0,0,0
5,1,c1159,0,0.0,0,0,[],1,0,1
6,2,c6037,447,46404.17,0,113145,"['set_immune', 'set_speed']",0,1,0
7,3,c1151,561,33790.23,0,71181,"['set_immune', 'set_speed']",0,0,0
8,4,c1128,0,27444.09,0,27444,"['set_speed', 'set_torrent']",0,0,0
9,5,c1147,0,38674.56,0,38674,"['set_speed', 'set_acc']",0,0,0
0,1,c1159,0,0.0,0,0,[],1,0,1
1,2,c1126,2604,114923.29,0,379398,"['set_speed', 'set_acc']",0,0,0
2,3,c4004,2428,112302.09,18375,287147,"['set_def', 'set_max_hp', 'set_max_hp']",0,0,0
3,4,c2071,82687,31182.15,0,457895,"['set_penetrate', 'set_cri_dmg']",0,1,0
4,5,c1102,671,43229.11,105070,364629,"['set_immune', 'set_shield']",0,0,0
5,1,c2089,877,55782.5,0,176754,"['set_speed', 'set_immune']",0,0,0
6,2,c2070,28905,110592.08,22949,295886,"['set_speed', 'set_max_hp']",0,1,0
7,3,c2109,59655,105999.53,16168,235199,"['set_counter', 'set_immune']",0,0,0
8,4,c2132,2528,35649.82,5690,97243,"['set_counter', 'set_immune']",0,0,0
9,5,c2019,0,0.0,0,0,[],0,0,1
0,1,c1159,0,0.0,0,0,"['set_speed', 'set_max_hp']",1,0,0
1,2,c2016,23207,0.0,0,24610,"['set_def', 'set_cri_dmg']",0,1,0
2,3,c1126,0,4869.43,0,4869,"['set_speed', 'set_acc']",0,0,0
3,4,c2015,0,0.0,0,9826,"['set_immune', 'set_speed']",0,0,0
4,5,c2004,0,0.0,0,0,[],0,0,1
5,1,c2046,0,8782.44,0,11471,['set_speed'],0,0,0
6,2,c1142,3487,7984.37,0,46431,"['set_speed', 'set_cri']",0,1,0
7,3,c1014,0,15969.05,0,15969,"['set_speed', 'set_penetrate']",0,0,0
8,4,c2080,0,17562.54,0,17562,"['set_cri_dmg', 'set_torrent']",0,0,0
9,5,c2090,0,0.0,0,0,[],0,0,1
0,1,c2089,1272,58132.79,18425,265772,['set_speed'],0,0,0
1,2,c2109,63626,76269.2,2748,170834,"['set_counter', 'set_max_hp']",0,0,0
2,3,c2090,0,0.0,0,0,[],0,0,1
3,4,c2070,14094,136902.89,35789,327743,"['set_speed', 'set_max_hp']",0,1,0
4,5,c2009,0,62597.6,0,71994,"['set_cri_dmg', 'set_penetrate']",0,0,0
5,1,c1159,13745,60535.84,10509,207513,"['set_speed', 'set_max_hp']",1,0,0
6,2,c2016,48643,52248.59,14492,207426,"['set_immune', 'set_vampire']",0,0,0
7,3,c4004,3780,115203.23,30743,249439,"['set_speed', 'set_max_hp']",0,1,0
8,4,c6037,0,0.0,0,0,[],0,0,1
9,5,c2071,19315,14292.86,0,133320,"['set_cri_dmg', 'set_penetrate']",0,0,0
0,1,c1159,16265,25494.07,5983,124003,"['set_speed', 'set_max_hp']",1,0,0
1,2,c2070,17262,131716.76,10203,197313,"['set_speed', 'set_max_hp']",0,0,0
2,3,c2109,0,0.0,0,0,[],0,0,1
3,4,c1151,7652,39126.18,0,96641,"['set_speed', 'set_acc']",0,0,0
4,5,c2111,34485,485.62,4640,212666,"['set_speed', 'set_acc']",0,1,0
5,1,c5001,2727,131524.93,6211,152457,"['set_max_hp', 'set_speed']",0,0,0
6,2,c2016,21772,133881.93,1314,160965,"['set_cri_dmg', 'set_def']",0,0,0
7,3,c5089,24879,24182.01,1674,166678,"['set_speed', 'set_torrent']",0,1,0
8,4,c2053,0,0.0,0,0,[],0,0,1
9,5,c1091,3046,34673.76,13917,83621,['set_counter'],0,0,0
0,1,c2016,0,0.0,0,0,"['set_def', 'set_cri_dmg']",0,0,0
1,2,c1091,0,0.0,0,0,"['set_res', 'set_speed']",0,0,0
2,3,c1014,15978,0.0,0,35950,"['set_speed', 'set_cri']",0,1,0
3,4,c1126,0,0.0,0,0,[],0,0,1
4,5,c2004,0,0.0,0,798,"['set_speed', 'set_acc']",0,0,0
5,1,c1118,0,0.0,0,10732,['set_speed'],1,0,0
6,2,c2069,0,17398.51,0,17398,"['set_speed', 'set_torrent']",0,0,0
7,3,c2024,0,0.0,0,0,"['set_cri', 'set_speed']",0,0,0
8,4,c1080,0,18377.87,0,18377,"['set_cri', 'set_speed']",0,1,0
9,5,c1103,0,0.0,0,0,[],0,0,1
0,1,c1159,5674,72254.97,0,86467,"['set_speed', 'set_max_hp']",1,0,0
1,2,c1126,14646,2881.01,0,128527,"['set_speed', 'set_acc']",0,0,0
2,3,c4004,3261,55678.56,3109,126087,"['set_def', 'set_max_hp', 'set_max_hp']",0,0,0
3,4,c1146,0,0.0,0,0,[],0,0,1
4,5,c5089,37800,18157.03,0,179764,"['set_speed', 'set_torrent']",0,1,0
5,1,c2089,4197,19055.89,3786,116923,"['set_speed', 'set_acc']",0,0,0
6,2,c2070,0,124638.7,0,124638,"['set_speed', 'set_max_hp']",0,1,0
7,3,c1128,39858,26929.87,0,90757,"['set_speed', 'set_immune']",0,0,0
8,4,c2090,294,80856.81,0,87143,"['set_speed', 'set_acc']",0,0,0
9,5,c2050,0,0.0,0,0,[],0,0,1
0,1,c2089,0,0.0,0,0,[],0,0,1
1,2,c2109,72119,34750.76,1087,295181,"['set_counter', 'set_max_hp']",0,0,0
2,3,c4004,2357,115656.49,62964,399406,"['set_def', 'set_max_hp', 'set_max_hp']",0,1,0
3,4,c5089,35689,22453.87,1844,169201,"['set_speed', 'set_torrent']",0,0,0
4,5,c2111,11030,26605.61,3493,329766,"['set_speed', 'set_acc']",0,0,0
5,1,c1159,0,145592.23,0,145592,"['set_speed', 'set_max_hp']",1,0,0
6,2,c5082,746,73136.86,41068,223091,"['set_speed', 'set_res']",0,0,0
7,3,c2070,20294,157968.59,23111,385211,"['set_speed', 'set_max_hp']",0,0,0
8,4,c1141,0,0.0,0,0,[],0,0,1
9,5,c4051,34615,44168.01,0,435645,"['set_acc', 'set_speed']",0,1,0
0,1,c2089,871,32962.04,702,155617,['set_speed'],0,0,0
1,2,c2109,42113,49565.35,0,187269,"['set_counter', 'set_max_hp']",0,0,0
2,3,c4004,2584,84278.1,45559,247131,"['set_def', 'set_max_hp', 'set_max_hp']",0,1,0
3,4,c5089,0,0.0,0,0,[],0,0,1
4,5,c2009,48359,8748.64,2894,212947,"['set_cri_dmg', 'set_penetrate']",0,0,0
5,1,c1159,26621,118851.61,10605,291760,"['set_max_hp', 'set_speed']",1,1,0
6,2,c2070,12594,133046.39,0,196521,"['set_max_hp', 'set_speed']",0,0,0
7,3,c2016,8698,80388.09,0,106046,"['set_cri', 'set_vampire']",0,0,0
8,4,c6037,916,6156.98,26130,262167,"['set_speed', 'set_immune']",0,0,0
9,5,c5082,0,0.0,0,0,[],0,0,1
0,1,c2089,2732,22531.51,13586,114769,['set_speed'],1,0,0
1,2,c4004,7348,56067.47,14576,140821,"['set_def', 'set_max_hp', 'set_max_hp']",0,0,0
2,3,c2109,13170,34691.04,0,108073,"['set_counter', 'set_max_hp']",0,0,0
3,4,c1146,52640,44448.57,0,214894,"['set_cri_dmg', 'set_max_hp']",0,1,0
4,5,c4144,0,0.0,0,0,[],0,0,1
5,1,c1159,0,0.0,0,0,[],0,0,1
6,2,c1137,38745,86909.86,12443,238252,"['set_speed', 'set_immune']",0,1,0
7,3,c1151,0,37928.21,0,41158,['set_speed'],0,0,0
8,4,c2090,12675,65830.72,0,198044,"['set_acc', 'set_speed']",0,0,0
9,5,c1154,1080,54206.84,13258,123468,"['set_speed', 'set_acc']",0,0,0
0,1,c2089,1724,21496.32,5097,110028,['set_speed'],0,0,0
1,2,c2101,5734,52203.36,0,98792,"['set_speed', 'set_max_hp']",0,0,0
2,3,c2016,77614,0.0,0,145705,"['set_def', 'set_cri_dmg']",0,1,0
3,4,c2008,2280,0.0,4080,72749,"['set_immune', 'set_shield']",0,0,0
4,5,c2111,0,0.0,0,0,[],0,0,1
5,1,c1159,948,94591.28,0,95539,"['set_max_hp', 'set_speed']",1,0,0
6,2,c6037,1122,53095.24,28369,299870,['set_speed'],0,0,0
7,3,c1121,10386,55442.43,14694,351340,"['set_immune', 'set_shield']",0,1,0
8,4,c2050,19530,36725.45,0,56255,"['set_speed', 'set_penetrate']",0,0,0
9,5,c2072,0,0.0,0,0,[],0,0,1
0,1,c1159,1686,0.0,0,18627,"['set_speed', 'set_max_hp']",1,0,0
1,2,c2109,29395,4158.42,0,43718,"['set_counter', 'set_max_hp']",0,0,0
2,3,c4004,3680,5097.46,14329,67155,"['set_def', 'set_max_hp', 'set_max_hp']",0,1,0
3,4,c2095,20108,6255.59,0,29751,"['set_speed', 'set_def']",0,0,0
4,5,c2111,0,0.0,0,0,[],0,0,1
5,1,c2090,1141,37414.54,0,147147,"['set_speed', 'set_acc']",0,0,0
6,2,c6037,0,26630.92,20787,163766,"['set_speed', 'set_immune']",0,0,0
7,3,c2101,1400,76072.41,0,193821,"['set_penetrate', 'set_speed']",0,1,0
8,4,c2024,2603,27865.5,0,38225,"['set_speed', 'set_res']",0,0,0
9,5,c2079,0,0.0,0,0,[],0,0,1
0,1,c1159,4718,106871.45,0,111589,"['set_speed', 'set_max_hp']",1,0,0
1,2,c1126,25477,48148.65,0,221121,"['set_speed', 'set_acc']",0,0,0
2,3,c2109,11550,51930.09,0,81917,"['set_counter', 'set_max_hp']",0,0,0
3,4,c1151,0,0.0,0,0,[],0,0,1
4,5,c2111,24916,26608.57,7064,230667,"['set_speed', 'set_acc']",0,1,0
5,1,c2089,2125,33678.21,0,56380,"['set_speed', 'set_immune']",0,0,0
6,2,c2101,26749,64812.83,0,117283,"['set_speed', 'set_penetrate']",0,0,0
7,3,c1121,0,36052.78,0,51485,"['set_speed', 'set_immune']",0,0,0
8,4,c2071,41875,47390.82,4532,268705,"['set_counter', 'set_immune']",0,1,0
9,5,c2132,0,0.0,0,0,[],0,0,1
0,1,c1159,0,0.0,0,0,"['set_speed', 'set_max_hp']",1,0,0
1,2,c2089,0,0.0,6427,45825,['set_speed'],0,0,0
2,3,c2016,0,0.0,0,0,[],0,0,1
3,4,c1014,25005,13311.33,0,96475,"['set_speed', 'set_cri']",0,1,0
4,5,c2004,2159,0.0,0,15291,"['set_speed', 'set_acc']",0,0,0
5,1,c5089,0,15796.73,0,18260,"['set_speed', 'set_torrent']",0,0,0
6,2,c1121,5242,5251.76,0,27738,"['set_speed', 'set_immune']",0,1,0
7,3,c4144,0,17941.49,0,20404,"['set_speed', 'set_torrent']",0,0,0
8,4,c1118,0,17355.72,0,17355,"['set_speed', 'set_cri']",0,0,0
9,5,c1023,0,0.0,0,0,[],0,0,1
0,1,c2109,8152,47939.21,0,82407,"['set_counter', 'set_max_hp']",0,0,0
1,2,c4004,0,116866.5,27072,214116,"['set_def', 'set_max_hp', 'set_max_hp']",0,1,0
2,3,c1126,0,0.0,0,0,[],0,0,1
3,4,c1014,0,18334.37,0,18334,"['set_speed', 'set_cri']",0,0,0
4,5,c2004,942,0.0,0,18486,"['set_speed', 'set_acc']",0,0,0
5,1,c1118,0,0.0,0,0,[],1,0,1
6,2,c2069,21718,0.0,0,34016,"['set_speed', 'set_torrent']",0,0,0
7,3,c2024,2773,0.0,0,11996,"['set_cri', 'set_speed']",0,0,0
8,4,c2091,11236,19603.36,0,80033,['set_cri_dmg'],0,1,0
9,5,c1080,21535,0.0,0,58430,"['set_cri', 'set_speed']",0,0,0
0,1,c1159,21774,66834.81,0,107696,"['set_speed', 'set_max_hp']",1,0,0
1,2,c2109,1853,54131.58,0,148240,"['set_counter', 'set_max_hp']",0,0,0
2,3,c2008,713,62662.06,14857,192757,"['set_immune', 'set_shield']",0,1,0
3,4,c2111,0,0.0,0,0,[],0,0,1
4,5,c1146,47287,48010.77,0,190735,"['set_cri_dmg', 'set_max_hp']",0,0,0
5,1,c2089,1720,58088.08,13031,347669,['set_speed'],0,1,0
6,2,c2101,25672,75423.83,5956,220420,"['set_speed', 'set_immune']",0,0,0
7,3,c2090,0,86895.45,0,97201,"['set_immune', 'set_speed']",0,0,0
8,4,c2071,36186,40564.52,0,186682,"['set_immune', 'set_cri_dmg']",0,0,0
9,5,c2016,0,0.0,0,0,[],0,0,1
0,1,c2089,1960,47741.23,0,87927,['set_speed'],0,0,0
1,2,c2109,78347,31939.21,0,212223,"['set_counter', 'set_max_hp']",0,1,0
2,3,c4004,0,0.0,0,0,[],0,0,1
3,4,c5089,0,18318.98,0,22566,"['set_speed', 'set_torrent']",0,0,0
4,5,c2111,11899,22163.52,0,127504,"['set_speed', 'set_acc']",0,0,0
5,1,c1126,13599,47307.85,0,227420,['set_speed'],1,0,0
6,2,c1159,4108,108855.8,0,112963,"['set_speed', 'set_def']",0,0,0
7,3,c2070,21926,108973.52,28882,334620,"['set_speed', 'set_max_hp']",0,1,0
8,4,c5082,2592,65984.94,14054,132585,"['set_res', 'set_speed']",0,0,0
9,5,c2071,0,0.0,0,0,[],0,0,1
0,1,c1159,1613,7102.27,0,38342,"['set_speed', 'set_max_hp']",0,0,0
1,2,c4004,0,0.0,0,0,[],0,0,1
2,3,c2111,8287,0.0,2400,104505,"['set_speed', 'set_acc']",0,0,0
3,4,c1121,20756,6844.63,0,62165,"['set_immune', 'set_speed']",0,0,0
4,5,c5089,53458,15131.2,7852,185073,"['set_speed', 'set_torrent']",0,1,0
5,1,c6037,0,38815.99,0,49545,"['set_immune', 'set_speed']",1,0,0
6,2,c2101,8931,57800.52,0,77460,"['set_speed', 'set_penetrate']",0,0,0
7,3,c2073,0,61504.62,0,61504,"['set_penetrate', 'set_cri_dmg']",0,0,0
8,4,c2012,2450,98734.31,0,111913,"['set_max_hp', 'set_speed']",0,1,0
9,5,c1134,0,0.0,0,0,[],0,0,1
0,1,c1159,1569,0.0,0,7165,"['set_speed', 'set_max_hp']",1,0,0
1,2,c2109,0,0.0,0,0,[],0,0,1
2,3,c2008,0,0.0,7181,43559,"['set_immune', 'set_shield']",0,0,0
3,4,c1146,5521,48010.77,0,61926,"['set_cri_dmg', 'set_max_hp']",0,0,0
4,5,c6037,1463,0.0,6212,83229,"['set_speed', 'set_immune']",0,1,0
5,1,c1134,6570,927.88,0,7497,"['set_scar', 'set_cri']",0,0,0
6,2,c2089,0,0.0,6340,29732,"['set_immune', 'set_speed']",0,1,0
7,3,c2090,2312,10937.95,0,27869,"['set_speed', 'set_res']",0,0,0
8,4,c1128,0,0.0,0,0,[],0,0,1
9,5,c2050,9461,0.0,0,18232,"['set_cri_dmg', 'set_cri']",0,0,0
0,1,c1159,3608,2361.51,0,5969,"['set_speed', 'set_max_hp']",1,0,0
1,2,c1126,13271,12901.47,0,95730,"['set_speed', 'set_acc']",0,1,0
2,3,c2109,25670,22173.25,0,83232,"['set_counter', 'set_max_hp']",0,0,0
3,4,c1121,19022,6844.63,16179,74993,"['set_immune', 'set_speed']",0,0,0
4,5,c2070,0,0.0,0,0,[],0,0,1
5,1,c2089,0,23709.06,12401,97017,"['set_speed', 'set_immune']",0,1,0
6,2,c2101,15413,37218.0,0,71371,"['set_speed', 'set_penetrate']",0,0,0
7,3,c6037,665,21547.43,0,55008,"['set_speed', 'set_acc']",0,0,0
8,4,c2071,0,45218.04,0,49903,"['set_counter', 'set_immune']",0,0,0
9,5,c2090,0,0.0,0,0,[],0,0,1
0,1,c1159,389,111278.41,0,151365,"['set_speed', 'set_max_hp']",0,0,0
1,2,c4004,0,0.0,0,0,[],0,0,1
2,3,c2109,10233,51097.26,426,81605,"['set_counter', 'set_max_hp']",0,0,0
3,4,c5089,9093,18318.98,0,86959,"['set_speed', 'set_torrent']",0,0,0
4,5,c2111,11401,5908.42,2400,152036,"['set_speed', 'set_acc']",0,1,0
5,1,c2090,27812,14424.05,0,166143,"['set_res', 'set_speed']",1,1,0
6,2,c2101,19667,8397.64,0,63466,"['set_max_hp', 'set_speed']",0,0,0
7,3,c2008,806,74670.38,11640,163821,"['set_shield', 'set_immune']",0,0,0
8,4,c2016,0,0.0,0,0,[],0,0,1
9,5,c1141,10798,28461.81,0,74661,"['set_speed', 'set_acc']",0,0,0
0,1,c2089,4194,73825.88,14542,168634,['set_speed'],0,0,0
1,2,c2109,5665,61792.35,0,239620,"['set_counter', 'set_max_hp']",0,0,0
2,3,c5089,85264,6892.17,4034,352433,"['set_speed', 'set_torrent']",0,1,0
3,4,c4004,8083,104801.54,31285,320337,"['set_def', 'set_max_hp', 'set_max_hp']",0,0,0
4,5,c2090,0,0.0,0,0,[],0,0,1
5,1,c1159,0,109505.18,0,123972,"['set_speed', 'set_immune']",1,0,0
6,2,c2071,2835,85538.95,0,98018,"['set_immune', 'set_cri_dmg']",0,0,0
7,3,c2008,2316,119324.86,0,169863,"['set_speed', 'set_def']",0,0,0
8,4,c1125,0,0.0,0,0,[],0,0,1
9,5,c2016,65466,91362.34,5882,384537,"['set_immune', 'set_cri_dmg']",0,1,0
0,1,c1159,0,0.0,0,0,[],1,0,1
1,2,c1126,1263,45939.31,0,47202,"['set_speed', 'set_acc']",0,0,0
2,3,c2109,33428,61188.45,3507,98124,"['set_counter', 'set_max_hp']",0,0,0
3,4,c2111,36989,36942.39,0,128479,"['set_speed', 'set_acc']",0,1,0
4,5,c2009,4310,49172.25,0,108030,"['set_cri_dmg', 'set_penetrate']",0,0,0
5,1,c2089,4171,26598.81,20400,51170,"['set_speed', 'set_immune']",0,0,0
6,2,c2101,49225,65766.73,0,272883,"['set_speed', 'set_penetrate']",0,1,0
7,3,c4004,6367,137522.57,27093,249929,"['set_max_hp', 'set_res', 'set_immune']",0,0,0
8,4,c6037,3218,54365.97,0,136529,"['set_speed', 'set_immune']",0,0,0
9,5,c2079,0,0.0,0,0,[],0,0,1
0,1,c1159,3502,61839.49,0,129225,"['set_speed', 'set_max_hp']",1,0,0
1,2,c2008,0,0.0,0,0,[],0,0,1
2,3,c1151,5769,10382.61,0,137530,"['set_speed', 'set_acc']",0,0,0
3,4,c2071,0,57579.56,0,57579,"['set_penetrate', 'set_cri_dmg']",0,0,0
4,5,c2079,49827,24045.66,0,203769,"['set_cri_dmg', 'set_def']",0,1,0
5,1,c2109,0,29112.3,0,50514,"['set_speed', 'set_penetrate']",0,0,0
6,2,c4004,1652,67352.46,12674,138752,"['set_max_hp', 'set_max_hp', 'set_def']",0,1,0
7,3,c4144,41456,3693.55,0,128381,"['set_cri_dmg', 'set_penetrate']",0,0,0
8,4,c6037,0,0.0,0,0,[],0,0,1
9,5,c2042,1067,80797.55,0,124669,"['set_speed', 'set_acc']",0,0,0
0,1,c1159,0,20820.31,0,52486,"['set_speed', 'set_max_hp']",1,0,0
1,2,c4004,0,0.0,10214,45047,"['set_def', 'set_max_hp', 'set_max_hp']",0,0,0
2,3,c2109,10940,0.0,0,20439,"['set_counter', 'set_max_hp']",0,0,0
3,4,c5089,37191,0.0,0,119523,"['set_speed', 'set_torrent']",0,1,0
4,5,c2099,0,0.0,0,0,[],0,0,1
5,1,c2070,0,111013.02,9295,148840,"['set_def', 'set_speed']",0,1,0
6,2,c2101,5577,0.0,0,41241,"['set_speed', 'set_immune']",0,0,0
7,3,c1102,286,0.0,0,7418,"['set_max_hp', 'set_speed']",0,0,0
8,4,c2071,0,52151.54,0,52151,"['set_counter', 'set_penetrate']",0,0,0
9,5,c2008,0,0.0,0,0,[],0,0,1
0,1,c1159,1658,91228.69,0,202671,"['set_speed', 'set_max_hp']",1,0,0
1,2,c2109,56488,78203.65,12580,253397,"['set_counter', 'set_max_hp']",0,0,0
2,3,c4004,0,46929.55,1780,125559,"['set_def', 'set_max_hp', 'set_max_hp']",0,0,0
3,4,c5089,46672,25883.56,4522,399112,"['set_speed', 'set_torrent']",0,1,0
4,5,c2099,0,0.0,0,0,[],0,0,1
5,1,c2090,19369,91403.02,0,397149,"['set_acc', 'set_speed']",0,1,0
6,2,c2070,0,108079.59,0,171719,"['set_speed', 'set_max_hp']",0,0,0
7,3,c2071,74288,113428.04,13766,371187,"['set_penetrate', 'set_cri_dmg']",0,0,0
8,4,c2132,2164,86859.98,20970,221363,"['set_shield', 'set_immune']",0,0,0
9,5,c1124,0,0.0,0,0,[],0,0,1
0,1,c1159,0,27876.42,0,72190,"['set_speed', 'set_max_hp']",1,0,0
1,2,c4004,0,23258.55,23942,98900,"['set_def', 'set_max_hp', 'set_max_hp']",0,0,0
2,3,c2109,26372,15607.9,0,93679,"['set_counter', 'set_max_hp']",0,0,0
3,4,c5089,30655,0.0,0,119282,"['set_speed', 'set_torrent']",0,1,0
4,5,c2099,0,0.0,0,0,[],0,0,1
5,1,c2070,0,107111.98,38086,240050,"['set_speed', 'set_immune']",0,1,0
6,2,c2101,5326,7803.42,0,202834,"['set_speed', 'set_immune']",0,0,0
7,3,c2071,14163,19845.25,0,81434,"['set_counter', 'set_immune']",0,0,0
8,4,c1148,0,44796.25,0,44796,"['set_speed', 'set_res']",0,0,0
9,5,c1102,0,0.0,0,0,[],0,0,1
0,1,c1159,1193,30745.74,0,133075,"['set_speed', 'set_max_hp']",1,0,0
1,2,c4004,915,59669.0,25727,197561,"['set_def', 'set_max_hp', 'set_max_hp']",0,0,0
2,3,c2109,70711,47477.2,0,310348,"['set_counter', 'set_max_hp']",0,1,0
3,4,c5089,16405,0.0,0,218679,"['set_speed', 'set_torrent']",0,0,0
4,5,c1148,0,0.0,0,0,[],0,0,1
5,1,c2022,0,88197.0,14775,136551,"['set_speed', 'set_immune']",0,0,0
6,2,c2101,9419,107611.3,0,217768,"['set_res', 'set_speed']",0,1,0
7,3,c2071,10697,71196.22,0,98682,"['set_cri_dmg', 'set_penetrate']",0,0,0
8,4,c2079,18816,97026.89,2001,168213,"['set_def', 'set_cri_dmg']",0,0,0
9,5,c2070,0,0.0,0,0,[],0,0,1
0,1,c1159,18581,76150.01,9307,156470,"['set_speed', 'set_max_hp']",1,1,0
1,2,c2109,19782,22557.79,5676,55165,"['set_counter', 'set_max_hp']",0,0,0
2,3,c2070,0,0.0,0,0,[],0,0,1
3,4,c2089,2310,9209.36,15616,79568,['set_speed'],0,0,0
4,5,c2111,13138,45504.68,495,104420,"['set_speed', 'set_acc']",0,0,0
5,1,c2016,7506,78918.08,0,91594,"['set_def', 'set_cri_dmg']",0,0,0
6,2,c1151,8145,33231.66,0,144789,"['set_speed', 'set_immune']",0,1,0
7,3,c2008,1106,73446.49,8960,119707,"['set_immune', 'set_shield']",0,0,0
8,4,c5089,24493,20854.44,1870,67900,"['set_speed', 'set_torrent']",0,0,0
9,5,c1134,0,0.0,0,0,[],0,0,1
0,1,c1159,2158,17617.19,0,19775,"['set_speed', 'set_max_hp']",0,0,0
1,2,c4004,1518,28580.36,30952,116058,"['set_def', 'set_max_hp', 'set_max_hp']",0,0,0
2,3,c1121,25952,0.0,0,95628,"['set_immune', 'set_speed']",0,0,0
3,4,c2111,13781,0.0,1680,124253,"['set_speed', 'set_acc']",0,1,0
4,5,c1151,0,0.0,0,0,[],0,0,1
5,1,c2070,8166,8525.82,23231,94711,"['set_speed', 'set_max_hp']",1,1,0
6,2,c2101,4961,34875.47,0,86195,"['set_speed', 'set_cri']",0,0,0
7,3,c5089,0,11181.57,0,19610,"['set_speed', 'set_torrent']",0,0,0
8,4,c2079,0,49541.06,0,57969,"['set_cri_dmg', 'set_torrent']",0,0,0
9,5,c1102,0,0.0,0,0,[],0,0,1
0,1,c1126,1666,12679.85,0,44714,"['set_speed', 'set_acc']",0,1,0
1,2,c1159,0,0.0,0,0,"['set_speed', 'set_max_hp']",0,0,0
2,3,c2109,0,0.0,0,4795,"['set_counter', 'set_max_hp']",0,0,0
3,4,c1121,0,0.0,0,0,[],0,0,1
4,5,c1112,17621,0.0,0,27211,"['set_cri', 'set_speed']",0,0,0
5,1,c2089,0,16916.64,0,16916,"['set_speed', 'set_acc']",1,0,0
6,2,c5089,0,13498.67,0,16153,"['set_speed', 'set_torrent']",0,0,0
7,3,c1103,3719,13495.4,0,22523,"['set_speed', 'set_penetrate']",0,1,0
8,4,c1089,0,0.0,5462,16080,"['set_speed', 'set_immune']",0,0,0
9,5,c2079,0,0.0,0,0,[],0,0,1
0,1,c4004,7580,48262.92,12710,141102,"['set_def', 'set_max_hp', 'set_max_hp']",0,1,0
1,2,c2101,9521,59358.83,0,84566,"['set_speed', 'set_max_hp']",0,0,0
2,3,c1121,18935,23244.54,0,79434,"['set_immune', 'set_speed']",0,0,0
3,4,c5082,4577,0.0,11888,57641,"['set_immune', 'set_speed']",0,0,0
4,5,c2095,0,0.0,0,0,[],0,0,1
5,1,c1159,18250,41205.8,0,59455,"['set_speed', 'set_max_hp']",1,1,0
6,2,c5089,4373,14976.07,973,26679,"['set_speed', 'set_torrent']",0,0,0
7,3,c1126,1889,21884.48,0,46659,"['set_acc', 'set_speed']",0,0,0
8,4,c2111,0,0.0,0,0,[],0,0,1
9,5,c2090,13355,10237.35,0,47749,"['set_acc', 'set_speed']",0,0,0
0,1,c1126,0,0.0,0,33118,"['set_speed', 'set_acc']",0,0,0
1,2,c4004,1432,0.0,5704,24800,"['set_def', 'set_max_hp', 'set_max_hp']",0,0,0
2,3,c1151,2135,0.0,0,30837,"['set_speed', 'set_acc']",0,0,0
3,4,c5089,45926,0.0,0,87876,"['set_speed', 'set_torrent']",0,1,0
4,5,c2099,0,0.0,0,0,[],0,0,1
5,1,c2070,0,86694.12,8264,143399,"['set_speed', 'set_max_hp']",1,1,0
6,2,c2132,0,2568.47,914,33758,"['set_immune', 'set_shield']",0,0,0
7,3,c2024,0,1285.78,0,31561,"['set_speed', 'set_immune']",0,0,0
8,4,c1121,0,51648.57,0,63758,"['set_speed', 'set_immune']",0,0,0
9,5,c1134,0,0.0,0,0,[],0,0,1
0,1,c2089,0,0.0,0,0,[],0,0,1
1,2,c2109,0,11556.23,0,34960,"['set_counter', 'set_max_hp']",0,0,0
2,3,c4004,2940,14703.94,11698,146364,"['set_def', 'set_max_hp', 'set_max_hp']",0,0,0
3,4,c5089,28073,8413.28,0,137905,"['set_speed', 'set_torrent']",0,0,0
4,5,c2079,44402,73250.39,0,180064,"['set_cri_dmg', 'set_def']",0,1,0
5,1,c1159,0,89833.6,0,165872,"['set_speed', 'set_max_hp']",1,0,0
6,2,c1126,0,26368.79,0,254484,"['set_speed', 'set_acc']",0,1,0
7,3,c2071,15966,75023.74,9128,138137,"['set_cri_dmg', 'set_max_hp']",0,0,0
8,4,c1151,0,0.0,0,0,[],0,0,1
9,5,c2047,8040,87333.92,5132,113179,"['set_res', 'set_cri_dmg']",0,0,0
0,1,c1159,0,26963.78,0,26963,"['set_speed', 'set_max_hp']",1,0,0
1,2,c2109,7092,17720.36,0,50141,"['set_counter', 'set_max_hp']",0,0,0
2,3,c1126,3050,4442.55,0,72625,"['set_speed', 'set_acc']",0,1,0
3,4,c1014,0,0.0,0,0,[],0,0,1
4,5,c1007,0,13101.46,0,13101,"['set_cri', 'set_speed']",0,0,0
5,1,c6037,0,3871.42,0,3871,['set_speed'],0,0,0
6,2,c1112,17790,0.0,0,44038,"['set_speed', 'set_cri']",0,1,0
7,3,c1118,0,1821.37,0,1821,['set_speed'],0,0,0
8,4,c2069,2605,17660.24,0,26827,"['set_speed', 'set_torrent']",0,0,0
9,5,c1020,0,0.0,0,0,[],0,0,1
0,1,c2089,2063,77277.88,0,324022,['set_speed'],0,0,0
1,2,c2109,17658,85505.87,7509,153852,"['set_counter', 'set_max_hp']",0,0,0
2,3,c5089,86090,0.0,0,714586,"['set_speed', 'set_torrent']",0,1,0
3,4,c4004,0,146839.19,56824,405166,"['set_def', 'set_max_hp', 'set_max_hp']",0,0,0
4,5,c2079,0,0.0,0,0,[],0,0,1
5,1,c1159,0,115878.57,0,157399,"['set_speed', 'set_immune']",1,0,0
6,2,c2008,0,0.0,0,0,[],0,0,1
7,3,c6037,0,57519.08,30180,461385,"['set_immune', 'set_speed']",0,1,0
8,4,c2071,66433,70548.76,0,363038,"['set_penetrate', 'set_cri_dmg']",0,0,0
9,5,c2016,12320,103399.36,5060,189980,"['set_vampire', 'set_cri']",0,0,0
0,1,c1159,1988,28848.67,0,30836,"['set_speed', 'set_max_hp']",1,0,0
1,2,c1126,0,0.0,0,0,[],0,0,1
2,3,c2016,55961,20921.56,0,115437,"['set_def', 'set_cri_dmg']",0,0,0
3,4,c2008,0,48919.62,12825,136926,"['set_immune', 'set_shield']",0,1,0
4,5,c2111,8522,10511.18,4275,121622,"['set_speed', 'set_acc']",0,0,0
5,1,c2089,0,53331.59,0,206558,"['set_speed', 'set_acc']",0,1,0
6,2,c6037,0,47222.12,37183,196772,"['set_immune', 'set_speed']",0,0,0
7,3,c2070,13356,133574.02,5232,203238,"['set_max_hp', 'set_speed']",0,0,0
8,4,c2101,12052,38551.77,0,101679,"['set_cri', 'set_speed']",0,0,0
9,5,c2072,0,0.0,0,0,[],0,0,1
0,1,c1159,15182,3246.05,1011,59900,"['set_speed', 'set_max_hp']",1,0,0
1,2,c2109,0,0.0,0,0,[],0,0,1
2,3,c2008,855,5216.08,4689,22899,"['set_immune', 'set_shield']",0,0,0
3,4,c1151,6101,0.0,0,48584,"['set_speed', 'set_acc']",0,0,0
4,5,c2099,44316,20533.59,0,95194,"['set_speed', 'set_cri']",0,1,0
5,1,c2101,0,59666.1,0,59666,"['set_cri', 'set_speed']",0,0,0
6,2,c4004,2443,63195.1,5673,98010,"['set_counter', 'set_max_hp']",0,0,0
7,3,c2071,8084,89548.98,0,172390,"['set_penetrate', 'set_cri_dmg']",0,1,0
8,4,c2132,0,29105.65,9276,54401,"['set_speed', 'set_immune']",0,0,0
9,5,c2050,0,0.0,0,0,[],0,0,1
